DROP TABLE LOGIPC,LOGIPP,HISIPC,HISIPP,FUENTE,USUARIO,IPC,IPP;

CREATE TABLE FUENTE (
    ID INT IDENTITY(1,1) PRIMARY KEY,
    NOMBRE VARCHAR(255) NOT NULL,
    ESTADO CHAR(1)
);

INSERT INTO FUENTE (NOMBRE, ESTADO) VALUES ('BANCO DE LA REPÚBLICA', 'A'),('BANCOLOMBIA', 'A');


CREATE TABLE USUARIO (
    ID INT IDENTITY(1,1) PRIMARY KEY,
    NOMBRE VARCHAR(255) NOT NULL,
    CORREO VARCHAR(100),
    CLAVE VARCHAR(100),
);

INSERT INTO USUARIO (NOMBRE,CORREO,CLAVE) VALUES ('JUAN CARLOS MORENO','JUANMORENO@VATIA.COM.CO','ADMIN');

CREATE TABLE IPC (
    ID INT IDENTITY(1,1) PRIMARY KEY,
    INDICE NUMERIC(5,2) NOT NULL,
    ANIO INT NOT NULL,
    MES1 NUMERIC(5,2),
    MES2 NUMERIC(5,2),
    MES3 NUMERIC(5,2),
    MES4 NUMERIC(5,2),
    MES5 NUMERIC(5,2),
    MES6 NUMERIC(5,2),
    MES7 NUMERIC(5,2),
    MES8 NUMERIC(5,2),
    MES9 NUMERIC(5,2),
    MES10 NUMERIC(5,2),
    MES11 NUMERIC(5,2),
    MES12 NUMERIC(5,2),
    FUENTE INT
    CONSTRAINT IPC_ANIO UNIQUE (ANIO)
);

CREATE TABLE LOGIPC (
    ID INT IDENTITY(1,1) PRIMARY KEY,
    ID_IPC INT FOREIGN KEY REFERENCES IPC(ID) NOT NULL,
    ID_USUARIO INT FOREIGN KEY REFERENCES USUARIO(ID) NOT NULL,
    FECHA DATE,
    HORA TIME,
    OPERACION VARCHAR(30),
    MENSAJE VARCHAR,
);

ALTER TABLE LOGIPC ADD CONSTRAINT DF_FECCHA DEFAULT 'CURRENT_DATE' FOR FECHA;
ALTER TABLE LOGIPC ADD CONSTRAINT DF_HORA DEFAULT 'CURRENT_TIMESTAMP' FOR HORA;

CREATE TABLE HISIPC (
    ID INT IDENTITY(1,1) PRIMARY KEY,
    FECHA DATE,
    HORA TIME,
    ID_IPC INT FOREIGN KEY REFERENCES IPC(ID) NOT NULL,
    INDICE NUMERIC(5,2) NOT NULL,
    ANIO INT NOT NULL,
    MES1 NUMERIC(5,2),
    MES2 NUMERIC(5,2),
    MES3 NUMERIC(5,2),
    MES4 NUMERIC(5,2),
    MES5 NUMERIC(5,2),
    MES6 NUMERIC(5,2),
    MES7 NUMERIC(5,2),
    MES8 NUMERIC(5,2),
    MES9 NUMERIC(5,2),
    MES10 NUMERIC(5,2),
    MES11 NUMERIC(5,2),
    MES12 NUMERIC(5,2),
    FUENTE INT
);

ALTER TABLE HISIPC ADD CONSTRAINT HISIPC_DF_FECCHA DEFAULT 'CURRENT_DATE' FOR FECHA;
ALTER TABLE HISIPC ADD CONSTRAINT HISIPC_DF_HORA DEFAULT 'CURRENT_TIMESTAMP' FOR HORA;



CREATE TABLE IPP (
    ID INT IDENTITY(1,1) PRIMARY KEY,
    INDICE NUMERIC(5,2) NOT NULL,
    ANIO INT NOT NULL,
    MES1 NUMERIC(5,2),
    MES2 NUMERIC(5,2),
    MES3 NUMERIC(5,2),
    MES4 NUMERIC(5,2),
    MES5 NUMERIC(5,2),
    MES6 NUMERIC(5,2),
    MES7 NUMERIC(5,2),
    MES8 NUMERIC(5,2),
    MES9 NUMERIC(5,2),
    MES10 NUMERIC(5,2),
    MES11 NUMERIC(5,2),
    MES12 NUMERIC(5,2),
    FUENTE INT
    CONSTRAINT IPP_ANIO UNIQUE (ANIO)
);

CREATE TABLE LOGIPP (
    ID INT IDENTITY(1,1) PRIMARY KEY,
    ID_IPP INT FOREIGN KEY REFERENCES IPP(ID) NOT NULL,
    ID_USUARIO INT FOREIGN KEY REFERENCES USUARIO(ID) NOT NULL,
    FECHA DATE,
    HORA TIME,
    OPERACION VARCHAR(30),
    MENSAJE VARCHAR,
);

ALTER TABLE LOGIPP ADD CONSTRAINT IPP_DF_FECCHA DEFAULT 'CURRENT_DATE' FOR FECHA;
ALTER TABLE LOGIPP ADD CONSTRAINT IPP_DF_HORA DEFAULT 'CURRENT_TIMESTAMP' FOR HORA;

CREATE TABLE HISIPP (
    ID INT IDENTITY(1,1) PRIMARY KEY,
    FECHA DATE,
    HORA TIME,
    ID_IPP INT FOREIGN KEY REFERENCES IPP(ID) NOT NULL,
    INDICE NUMERIC(5,2) NOT NULL,
    ANIO INT NOT NULL,
    MES1 NUMERIC(5,2),
    MES2 NUMERIC(5,2),
    MES3 NUMERIC(5,2),
    MES4 NUMERIC(5,2),
    MES5 NUMERIC(5,2),
    MES6 NUMERIC(5,2),
    MES7 NUMERIC(5,2),
    MES8 NUMERIC(5,2),
    MES9 NUMERIC(5,2),
    MES10 NUMERIC(5,2),
    MES11 NUMERIC(5,2),
    MES12 NUMERIC(5,2),
    FUENTE INT
);

ALTER TABLE HISIPP ADD CONSTRAINT HISIPP_DF_FECCHA DEFAULT 'CURRENT_DATE' FOR FECHA;
ALTER TABLE HISIPP ADD CONSTRAINT HISIPP_DF_HORA DEFAULT 'CURRENT_TIMESTAMP' FOR HORA;


INSERT INTO IPC (INDICE,ANIO,MES1,MES2,MES3,MES4,MES5,MES6,MES7,MES8,MES9,MES10,MES11,MES12,FUENTE) VALUES (4.84,2005,56.45,57.02,57.46,57.72,57.95,58.18,58.21,58.21,58.46,58.6,58.66,58.7,1);
INSERT INTO IPC(INDICE,ANIO,MES1,MES2,MES3,MES4,MES5,MES6,MES7,MES8,MES9,MES10,MES11,MES12,FUENTE) VALUES (4.48,2006,59.02,59.41,59.83,60.09,60.29,60.48,60.73,60.96,61.14,61.05,61.19,61.33,1);
INSERT INTO IPC (INDICE,ANIO,MES1,MES2,MES3,MES4,MES5,MES6,MES7,MES8,MES9,MES10,MES11,MES12,FUENTE) VALUES (5.69,2007,61.8,62.53,63.29,63.85,64.05,64.12,64.23,64.14,64.2,64.2,64.51,64.82,1);
INSERT INTO IPC (INDICE,ANIO,MES1,MES2,MES3,MES4,MES5,MES6,MES7,MES8,MES9,MES10,MES11,MES12,FUENTE) VALUES (7.68,2008,65.51,66.5,67.04,67.51,68.14,68.73,69.06,69.19,69.06,69.3,69.49,69.8,1);
INSERT INTO IPC (INDICE,ANIO,MES1,MES2,MES3,MES4,MES5,MES6,MES7,MES8,MES9,MES10,MES11,MES12,FUENTE) VALUES (2.00,2009,70.21,70.8,71.15,71.38,71.39,71.35,71.32,71.35,71.28,71.19,71.14,71.2,1);
INSERT INTO IPC (INDICE,ANIO,MES1,MES2,MES3,MES4,MES5,MES6,MES7,MES8,MES9,MES10,MES11,MES12,FUENTE) VALUES (3.16,2010,70.21,72.28,72.46,72.79,72.87,72.95,72.92,73,72.9,72.84,72.98,73.45,1);
INSERT INTO IPC (INDICE,ANIO,MES1,MES2,MES3,MES4,MES5,MES6,MES7,MES8,MES9,MES10,MES11,MES12,FUENTE) VALUES (3.73,2011,74.12,74.57,74.77,74.86,75.07,75.31,75.42,75.39,75.62,75.77,75.87,76.19,1);
INSERT INTO IPC (INDICE,ANIO,MES1,MES2,MES3,MES4,MES5,MES6,MES7,MES8,MES9,MES10,MES11,MES12,FUENTE) VALUES (2.44,2012,76.75,77.22,77.31,77.42,77.66,77.72,77.7,77.73,77.96,78.08,77.98,78.05,1);
INSERT INTO IPC (INDICE,ANIO,MES1,MES2,MES3,MES4,MES5,MES6,MES7,MES8,MES9,MES10,MES11,MES12,FUENTE) VALUES (1.93,2013,78.28,78.63,78.79,78.99,79.21,79.39,79.43,79.5,79.73,79.52,79.35,79.56,1);
INSERT INTO IPC (INDICE,ANIO,MES1,MES2,MES3,MES4,MES5,MES6,MES7,MES8,MES9,MES10,MES11,MES12,FUENTE) VALUES (5.11,2014,79.95,80.45,80.77,81.14,81.53,81.61,81.73,81.9,82.01,82.14,82.25,82.47,1);
INSERT INTO IPC (INDICE,ANIO,MES1,MES2,MES3,MES4,MES5,MES6,MES7,MES8,MES9,MES10,MES11,MES12,FUENTE) VALUES (6.76,2015,83,83.96,84.45,84.9,85.12,85.21,85.37,85.78,86.39,86.98,87.51,88.05,1);
INSERT INTO IPC (INDICE,ANIO,MES1,MES2,MES3,MES4,MES5,MES6,MES7,MES8,MES9,MES10,MES11,MES12,FUENTE) VALUES (5.75,2016,89.19,90.33,91.18,91.63,92.1,92.54,93.02,92.73,92.68,92.62,92.73,93.11,1);
INSERT INTO IPC (INDICE,ANIO,MES1,MES2,MES3,MES4,MES5,MES6,MES7,MES8,MES9,MES10,MES11,MES12,FUENTE) VALUES (4.09,2017,94.07,95.01,95.46,95.91,96.12,96.23,96.18,96.32,96.36,96.37,96.55,96.92,1);
INSERT INTO IPC (INDICE,ANIO,MES1,MES2,MES3,MES4,MES5,MES6,MES7,MES8,MES9,MES10,MES11,MES12,FUENTE) VALUES (3.17,2018,97.53,98.22,98.45,98.91,99.16,99.31,99.18,99.3,99.47,99.59,99.7,100,1);
INSERT INTO IPC (INDICE,ANIO,MES1,MES2,MES3,MES4,MES5,MES6,MES7,MES8,MES9,MES10,MES11,MES12,FUENTE) VALUES (3.49,2019,100.6,101.18,101.62,102.12,102.44,102.71,102.94,103.03,103.26,103.43,103.54,103.8,1);
INSERT INTO IPC (INDICE,ANIO,MES1,MES2,MES3,MES4,MES5,MES6,MES7,MES8,MES9,MES10,MES11,MES12,FUENTE) VALUES (3.25,2020,104.24,104.94,105.53,105.7,105.36,104.97,105.34,105.71,106.07,106.93,106.81,107.18,1);

INSERT INTO varipc (ANIO,MES1,MES2,MES3,MES4,MES5,MES6,MES7,MES8,MES9,MES10,MES11,MES12) VALUES (2005,5.43518864400449,5.24178663713548,5.02650338146591,5.02183406113537,5.03897045495741,4.80994415420645,4.90178410524419,4.86398847054585,5.01167594754805,5.28206970894719,5.08778215693299,4.8401500267905);
INSERT INTO varipc (ANIO,MES1,MES2,MES3,MES4,MES5,MES6,MES7,MES8,MES9,MES10,MES11,MES12) VALUES (2006,4.55270150575731,4.19151175026305,4.12460842325095,4.10602910602911,4.03796376186367,3.95324853901684,4.32915306648342,4.72427417969421,4.58433116660965,4.18088737201365,4.31299011251279,4.48040885860306);
INSERT INTO varipc (ANIO,MES1,MES2,MES3,MES4,MES5,MES6,MES7,MES8,MES9,MES10,MES11,MES12) VALUES (2007,4.71026770586241,5.25164113785559,5.78305198061174,6.25728074554834,6.2365234698955,6.01851851851853,5.76321422690599,5.21653543307087,5.00490677134446,5.15970515970517,5.42572315737867,5.69052665905755);
INSERT INTO varipc (ANIO,MES1,MES2,MES3,MES4,MES5,MES6,MES7,MES8,MES9,MES10,MES11,MES12) VALUES (2008,6.00323624595471,6.34895250279865,5.92510665191975,5.73218480814409,6.3856362217018,7.18964441671865,7.51985053713218,7.87340193327097,7.57009345794392,7.94392523364485,7.71973337467058,7.68281394631287);
INSERT INTO varipc (ANIO,MES1,MES2,MES3,MES4,MES5,MES6,MES7,MES8,MES9,MES10,MES11,MES12) VALUES (2009,7.17447717905662,6.46616541353383,6.13066825775656,5.73248407643311,4.76959201643675,3.81201804161209,3.27251665218649,3.12183841595606,3.21459600347524,2.72727272727273,2.37444236580804,2.0057306590258);
INSERT INTO varipc (ANIO,MES1,MES2,MES3,MES4,MES5,MES6,MES7,MES8,MES9,MES10,MES11,MES12) VALUES (2010,0,2.09039548022599,1.84118060435698,1.97534323339873,2.07311948452165,2.24246671338474,2.24340998317444,2.312543798178,2.27272727272728,2.31774125579436,2.58644925499016,3.16011235955056);
INSERT INTO varipc (ANIO,MES1,MES2,MES3,MES4,MES5,MES6,MES7,MES8,MES9,MES10,MES11,MES12) VALUES (2011,5.56900726392253,3.16823464305478,3.18796577422026,2.84379722489352,3.01907506518456,3.23509252912954,3.42841470104224,3.27397260273973,3.73113854595336,4.02251510159252,3.95998903809263,3.73042886317222);
INSERT INTO varipc (ANIO,MES1,MES2,MES3,MES4,MES5,MES6,MES7,MES8,MES9,MES10,MES11,MES12) VALUES (2012,3.54830005396653,3.55370792543919,3.39708439213589,3.41971680470211,3.45011322765419,3.20010622759261,3.0230708035004,3.10385992837247,3.09441946574979,3.04870001319784,2.78107288783445,2.44126525790786);
INSERT INTO varipc (ANIO,MES1,MES2,MES3,MES4,MES5,MES6,MES7,MES8,MES9,MES10,MES11,MES12) VALUES (2013,1.99348534201955,1.82595182595182,1.91437071530204,2.02789976750193,1.99587947463301,2.14873906330417,2.22651222651223,2.27711308375144,2.27039507439714,1.84426229508196,1.7568607335214,1.93465727098015);
INSERT INTO varipc (ANIO,MES1,MES2,MES3,MES4,MES5,MES6,MES7,MES8,MES9,MES10,MES11,MES12) VALUES (2014,0.225440041619704,1.27239678005713,2.62159365298379,3.39994809239553,3.07400051808998,2.48966230186079,2.25706409372847,2.96347346657477,3.65832614322691,4.9304347826087,5.11769834350479,5.11769834350479);
INSERT INTO varipc (ANIO,MES1,MES2,MES3,MES4,MES5,MES6,MES7,MES8,MES9,MES10,MES11,MES12) VALUES (2015,3.81488430268918,4.36295835922932,4.55614708431349,4.63396598471778,4.40328713357047,4.41122411469182,4.45368897589624,4.73748473748473,5.34081209608584,5.89237886535184,6.39513677811551,6.76609676245907);
INSERT INTO varipc (ANIO,MES1,MES2,MES3,MES4,MES5,MES6,MES7,MES8,MES9,MES10,MES11,MES12) VALUES (2016,7.4578313253012,7.58694616484041,7.96921255180581,7.92697290930505,8.2001879699248,8.60227672808357,8.96099332318144,8.10212170669154,7.28093529343675,6.48424925270177,5.96503256770655,5.74673480976718);
INSERT INTO varipc (ANIO,MES1,MES2,MES3,MES4,MES5,MES6,MES7,MES8,MES9,MES10,MES11,MES12) VALUES (2017,5.4714654109205,5.18100298904019,4.69401184470277,4.67095929280803,4.36482084690555,3.98746488005187,3.39711889916148,3.87145476113446,3.97065170479067,4.0488015547398,4.11948668176425,4.09193427129202);
INSERT INTO varipc (ANIO,MES1,MES2,MES3,MES4,MES5,MES6,MES7,MES8,MES9,MES10,MES11,MES12) VALUES (2018,3.6781120442224,3.3785917271866,3.13220196941128,3.12793243665937,3.16271327507282,3.20066507326197,3.11915159076731,3.09385382059801,3.2274802822748,3.34128878281623,3.26255825996893,3.17787866281469);
INSERT INTO varipc (ANIO,MES1,MES2,MES3,MES4,MES5,MES6,MES7,MES8,MES9,MES10,MES11,MES12) VALUES (2019,3.14774941043781,3.01364284259826,3.21990858303708,3.24537458295421,3.30778539733764,3.42362299869096,3.791086912684,3.75629405840887,3.81019402835026,3.8558088161462,3.85155466399198,3.8);
INSERT INTO varipc (ANIO,MES1,MES2,MES3,MES4,MES5,MES6,MES7,MES8,MES9,MES10,MES11,MES12) VALUES (2020,3.6182902584493,3.71614943664755,3.84766778193269,3.50567959263611,2.85044904334245,2.2003699737124,2.33145521663105,2.60118412112976,3.42823939570017,3.38049526249637,3.39278781147382,3.255625);

INSERT INTO VARIPP (ANIO,MES1,MES2,MES3,MES4,MES5,MES6,MES7,MES8,MES9,MES10,MES11,MES12) VALUES (2005,4.42864953526519,4.30544272948823,4.92862914085645,4.14771206850416,3.00185136207352,2.74080906575306,3.04273051991004,2.92096219931273,2.20055343259982,2.21726580949882,1.7936632626342,2.07812705510982);
INSERT INTO VARIPP (ANIO,MES1,MES2,MES3,MES4,MES5,MES6,MES7,MES8,MES9,MES10,MES11,MES12) VALUES (2006,2.32984293193717,1.6484942886812,1.45020533880903,3.31449126413155,4.00564899216845,4.77106579453636,5.27667223006804,5.303711313728,5.96957194430118,5.27531767423951,5.23472668810289,5.54052312846282);
INSERT INTO VARIPP (ANIO,MES1,MES2,MES3,MES4,MES5,MES6,MES7,MES8,MES9,MES10,MES11,MES12) VALUES (2007,4.97569710923508,4.94189758651514,4.25047438330171,2.31285749813479,0.641896062214536,-1.00379483412902,-1.85365853658536,-1.63414634146342,-0.912519771261711,-0.597415264569611,0.391102419946233,1.26968624099622);
INSERT INTO VARIPP (ANIO,MES1,MES2,MES3,MES4,MES5,MES6,MES7,MES8,MES9,MES10,MES11,MES12) VALUES (2008,2.24198854636287,3.8938914577756,3.36124256764957,3.76762275157996,5.39678645897216,7.96339804624706,9.6048707753479,9.00074386312919,9.78634577603143,11.8116030908868,10.9569028487947,8.99336949969861);
INSERT INTO VARIPP (ANIO,MES1,MES2,MES3,MES4,MES5,MES6,MES7,MES8,MES9,MES10,MES11,MES12) VALUES (2009,6.17328089619832,6.21925509487,6.79737027471236,6.55891309440151,5.29500756429652,2.73737258046043,1.38306314476818,1.0122838944495,-1.49871379040376,-4.08073716542343,-3.87316216809305,-2.19002322751907);
INSERT INTO VARIPP (ANIO,MES1,MES2,MES3,MES4,MES5,MES6,MES7,MES8,MES9,MES10,MES11,MES12) VALUES (2010,0.482657986305974,-0.441062961737779,-0.175882158953497,0.285777093866774,1.33731211317418,2.12931995540691,1.82265459018226,1.9817588109447,2.27092085840808,2.65324794144557,3.65255107864399,4.37634287006671);
INSERT INTO VARIPP (ANIO,MES1,MES2,MES3,MES4,MES5,MES6,MES7,MES8,MES9,MES10,MES11,MES12) VALUES (2011,4.3230563002681,4.60737623214087,4.97742539367911,4.70188513809733,4.82059112225979,4.72655823600044,4.76608829343291,5.38809760406317,6.69479293882536,8.18850267379679,7.09172998568439,5.51462621885157);
INSERT INTO VARIPP (ANIO,MES1,MES2,MES3,MES4,MES5,MES6,MES7,MES8,MES9,MES10,MES11,MES12) VALUES (2012,3.75843238034051,2.73160402329275,1.56299171299695,1.55971945985554,0.80116533139111,-0.698353137377529,-0.314465408805043,0.125720272393913,0.104058272632683,-1.1327360724951,-2.09768637532134,-2.95718246226512);
INSERT INTO VARIPP (ANIO,MES1,MES2,MES3,MES4,MES5,MES6,MES7,MES8,MES9,MES10,MES11,MES12) VALUES (2013,-2.51805985552117,-2.47346181593322,-1.90043379467051,-2.41187384044526,-2.08505367464905,-0.199433189881387,-0.0210304942166099,-0.512713194517103,-1.32016632016632,-1.89563587126342,-1.32339040016804,-0.486720981906685);
INSERT INTO VARIPP (ANIO,MES1,MES2,MES3,MES4,MES5,MES6,MES7,MES8,MES9,MES10,MES11,MES12) VALUES (2014,0.225440041619704,1.27239678005713,2.62159365298379,3.39994809239553,3.07400051808998,2.48966230186079,2.25706409372847,2.96347346657477,3.65832614322691,4.9304347826087,5.11769834350479,5.11769834350479);
INSERT INTO VARIPP (ANIO,MES1,MES2,MES3,MES4,MES5,MES6,MES7,MES8,MES9,MES10,MES11,MES12) VALUES (2015,6.35825940008449,4.98799958259418,5.10926438904279,4.30074573500868,3.73325150864274,5.00821018062397,6.43900432009875,8.04985187455306,8.69918699186991,8.19506272764063,8.94086674767112,9.56999999999999);
INSERT INTO VARIPP (ANIO,MES1,MES2,MES3,MES4,MES5,MES6,MES7,MES8,MES9,MES10,MES11,MES12) VALUES (2016,9.99999999999999,11.0028824172548,8.56027330405075,8.5798237022527,9.95858804969433,9.63643471462081,8.37843061461152,4.88796445116763,3.38444278234855,3.47858612305966,3.91300306719955,1.61540567673634);
INSERT INTO VARIPP (ANIO,MES1,MES2,MES3,MES4,MES5,MES6,MES7,MES8,MES9,MES10,MES11,MES12) VALUES (2017,0.875688363275254,-0.161174785100293,0.548462506743391,0.387876601118534,-0.170373027259682,-0.837939026564461,-0.303165403477488,0.955471425996036,1.17561946102369,1.38261341044641,1.30590339892666,1.85917010957427);
INSERT INTO VARIPP (ANIO,MES1,MES2,MES3,MES4,MES5,MES6,MES7,MES8,MES9,MES10,MES11,MES12) VALUES (2018,1.4050474315375,1.85650224215246,1.65429670034875,1.92290412435978,2.81146142100063,3.0834232290543,2.45058581522225,2.44642857142857,3.77189846263854,4.22497548801142,3.31979516157513,3.08614760603121);
INSERT INTO VARIPP (ANIO,MES1,MES2,MES3,MES4,MES5,MES6,MES7,MES8,MES9,MES10,MES11,MES12) VALUES (2019,3.41540905480541,3.35475917936075,3.64180154820548,4.78709336154456,5.00611567359777,4.43882445277754,5.39502400698386,5.97873453024229,5.27993109388459,4.8148464893526,4.52059477012477,4.66170558549312);
INSERT INTO VARIPP (ANIO,MES1,MES2,MES3,MES4,MES5,MES6,MES7,MES8,MES9,MES10,MES11,MES12) VALUES (2020,4.40348182283666,4.22559209405351,4.62570022067561,3.13814571765102,1.92195690157251,2.36305945223781,1.98706856778075,1.70063796362123,1.61741278380521,1.78357663799511,2.43229450528044,2.83093109781809);

INSERT INTO IPP (INDICE,ANIO,MES1,MES2,MES3,MES4,MES5,MES6,MES7,MES8,MES9,MES10,MES11,MES12,FUENTE) VALUES (4.8401500267905,2005,76.4,77.04,77.92,77.84,77.89,77.97,77.89,77.87,77.56,77.91,77.75,77.61,1);
INSERT INTO IPP (INDICE,ANIO,MES1,MES2,MES3,MES4,MES5,MES6,MES7,MES8,MES9,MES10,MES11,MES12,FUENTE) VALUES (4.48040885860306,2006,78.18,78.31,79.05,80.42,81.01,81.69,82,82,82.19,82.02,81.82,81.91,1);
INSERT INTO IPP (INDICE,ANIO,MES1,MES2,MES3,MES4,MES5,MES6,MES7,MES8,MES9,MES10,MES11,MES12,FUENTE) VALUES (5.69052665905755,2007,82.07,82.18,82.41,82.28,81.53,80.87,80.48,80.66,81.44,81.53,82.14,82.95,1);
INSERT INTO IPP (INDICE,ANIO,MES1,MES2,MES3,MES4,MES5,MES6,MES7,MES8,MES9,MES10,MES11,MES12,FUENTE) VALUES (7.68281394631287,2008,83.91,85.38,85.18,85.38,85.93,87.31,88.21,87.92,89.41,91.16,91.14,90.41,1);
INSERT INTO IPP (INDICE,ANIO,MES1,MES2,MES3,MES4,MES5,MES6,MES7,MES8,MES9,MES10,MES11,MES12,FUENTE) VALUES (2.0057306590258,2009,89.09,90.69,90.97,90.98,90.48,89.7,89.43,88.81,88.07,87.44,87.61,88.43,1);
INSERT INTO IPP (INDICE,ANIO,MES1,MES2,MES3,MES4,MES5,MES6,MES7,MES8,MES9,MES10,MES11,MES12,FUENTE) VALUES (3.16011235955056,2010,89.52,90.29,90.81,91.24,91.69,91.61,91.06,90.57,90.07,89.76,90.81,92.3,1);
INSERT INTO IPP (INDICE,ANIO,MES1,MES2,MES3,MES4,MES5,MES6,MES7,MES8,MES9,MES10,MES11,MES12,FUENTE) VALUES (3.73042886317222,2011,93.39,94.45,95.33,95.53,96.11,95.94,95.4,95.45,96.1,97.11,97.25,97.39,1);
INSERT INTO IPP (INDICE,ANIO,MES1,MES2,MES3,MES4,MES5,MES6,MES7,MES8,MES9,MES10,MES11,MES12,FUENTE) VALUES (2.44126525790786,2012,96.9,97.03,96.82,97.02,96.88,95.27,95.1,95.57,96.2,96.01,95.21,94.51,1);
INSERT INTO IPP (INDICE,ANIO,MES1,MES2,MES3,MES4,MES5,MES6,MES7,MES8,MES9,MES10,MES11,MES12,FUENTE) VALUES (1.93465727098015,2013,94.46,94.63,94.98,94.68,94.86,95.08,95.08,95.08,94.93,94.19,93.95,94.05,1);
INSERT INTO IPP (INDICE,ANIO,MES1,MES2,MES3,MES4,MES5,MES6,MES7,MES8,MES9,MES10,MES11,MES12,FUENTE) VALUES (5.11769834350479,2014,94.68,95.83,97.47,97.89,97.77,97.44,97.22,97.89,98.4,98.84,98.76,100,1);
INSERT INTO IPP (INDICE,ANIO,MES1,MES2,MES3,MES4,MES5,MES6,MES7,MES8,MES9,MES10,MES11,MES12,FUENTE) VALUES (6.76609676245907,2015,100.7,100.61,102.45,102.1,101.42,102.32,103.48,105.77,106.96,106.94,107.59,109.57,1);
INSERT INTO IPP (INDICE,ANIO,MES1,MES2,MES3,MES4,MES5,MES6,MES7,MES8,MES9,MES10,MES11,MES12,FUENTE) VALUES (5.74673480976718,2016,110.77,111.68,111.22,110.86,111.52,112.18,112.15,110.94,110.58,110.66,111.8,111.34,1);
INSERT INTO IPP (INDICE,ANIO,MES1,MES2,MES3,MES4,MES5,MES6,MES7,MES8,MES9,MES10,MES11,MES12,FUENTE) VALUES (4.09193427129202,2017,111.74,111.5,111.83,111.29,111.33,111.24,111.81,112,111.88,112.19,113.26,113.41,1);
INSERT INTO IPP (INDICE,ANIO,MES1,MES2,MES3,MES4,MES5,MES6,MES7,MES8,MES9,MES10,MES11,MES12,FUENTE) VALUES (3.17787866281469,2018,113.31,113.57,113.68,113.43,114.46,114.67,114.55,114.74,116.1,116.93,117.02,116.91,1);
INSERT INTO IPP (INDICE,ANIO,MES1,MES2,MES3,MES4,MES5,MES6,MES7,MES8,MES9,MES10,MES11,MES12,FUENTE) VALUES (3.8,2019,117.18,117.38,117.82,118.86,120.19,119.76,120.73,121.6,122.23,122.56,122.31,122.36,1);
INSERT INTO IPP (INDICE,ANIO,MES1,MES2,MES3,MES4,MES5,MES6,MES7,MES8,MES9,MES10,MES11,MES12,FUENTE) VALUES (3.255625,2020,122.34,122.34,123.27,122.59,122.5,122.59,123.128987881882,123.667975763763,124.206963645645,124.745951527527,125.284939409409,125.82392729129,1);

